<?xml version="1.0" encoding="UTF-8"?>
<configurationDescriptor version="95">
  <logicalFolder name="root" displayName="root" projectFiles="true" kind="ROOT">
    <logicalFolder name="HeaderFiles"
                   displayName="Header Files"
                   projectFiles="true">
    </logicalFolder>
    <logicalFolder name="HW3" displayName="HW3" projectFiles="true">
      <itemPath>Makefile</itemPath>
      <itemPath>bossFunctions.c</itemPath>
      <itemPath>debugPrint.c</itemPath>
      <itemPath>fightFunctions.c</itemPath>
      <itemPath>game.h</itemPath>
    </logicalFolder>
    <logicalFolder name="ResourceFiles"
                   displayName="Resource Files"
                   projectFiles="true">
    </logicalFolder>
    <logicalFolder name="SourceFiles"
                   displayName="Source Files"
                   projectFiles="true">
      <itemPath>main.c</itemPath>
    </logicalFolder>
    <logicalFolder name="TestFiles"
                   displayName="Test Files"
                   projectFiles="false"
                   kind="TEST_LOGICAL_FOLDER">
    </logicalFolder>
    <logicalFolder name="ExternalFiles"
                   displayName="Important Files"
                   projectFiles="false"
                   kind="IMPORTANT_FILES_FOLDER">
      <itemPath>Makefile</itemPath>
    </logicalFolder>
    <itemPath>EquippedItems.txt</itemPath>
    <itemPath>bossInfo.txt</itemPath>
    <itemPath>heroes.txt</itemPath>
  </logicalFolder>
  <sourceRootList>
    <Elem>.</Elem>
  </sourceRootList>
  <projectmakefile>Makefile</projectmakefile>
  <confs>
    <conf name="Debug" type="1">
      <toolsSet>
        <compilerSet>default</compilerSet>
        <dependencyChecking>true</dependencyChecking>
        <rebuildPropChanged>false</rebuildPropChanged>
      </toolsSet>
      <compileType>
      </compileType>
      <item path="EquippedItems.txt" ex="false" tool="3" flavor2="0">
      </item>
      <item path="Makefile" ex="false" tool="3" flavor2="0">
      </item>
      <item path="bossFunctions.c" ex="false" tool="0" flavor2="0">
      </item>
      <item path="bossInfo.txt" ex="false" tool="3" flavor2="0">
      </item>
      <item path="debugPrint.c" ex="false" tool="0" flavor2="0">
      </item>
      <item path="fightFunctions.c" ex="false" tool="0" flavor2="0">
      </item>
      <item path="game.h" ex="false" tool="3" flavor2="0">
      </item>
      <item path="heroes.txt" ex="false" tool="3" flavor2="0">
      </item>
      <item path="main.c" ex="false" tool="0" flavor2="0">
      </item>
    </conf>
    <conf name="Release" type="1">
      <toolsSet>
        <compilerSet>default</compilerSet>
        <dependencyChecking>true</dependencyChecking>
        <rebuildPropChanged>false</rebuildPropChanged>
      </toolsSet>
      <compileType>
        <cTool>
          <developmentMode>5</developmentMode>
        </cTool>
        <ccTool>
          <developmentMode>5</developmentMode>
        </ccTool>
        <fortranCompilerTool>
          <developmentMode>5</developmentMode>
        </fortranCompilerTool>
        <asmTool>
          <developmentMode>5</developmentMode>
        </asmTool>
      </compileType>
      <item path="EquippedItems.txt" ex="false" tool="3" flavor2="0">
      </item>
      <item path="Makefile" ex="false" tool="3" flavor2="0">
      </item>
      <item path="bossFunctions.c" ex="false" tool="0" flavor2="0">
      </item>
      <item path="bossInfo.txt" ex="false" tool="3" flavor2="0">
      </item>
      <item path="debugPrint.c" ex="false" tool="0" flavor2="0">
      </item>
      <item path="fightFunctions.c" ex="false" tool="0" flavor2="0">
      </item>
      <item path="game.h" ex="false" tool="3" flavor2="0">
      </item>
      <item path="heroes.txt" ex="false" tool="3" flavor2="0">
      </item>
      <item path="main.c" ex="false" tool="0" flavor2="0">
      </item>
    </conf>
  </confs>
</configurationDescriptor>
